{
  "weights": [
    2.5,
    1.8,
    1.4047208647689322,
    1.5023607388086684,
    -1.1336512321246257,
    -0.8,
    -0.6,
    -1.770254329899131,
    -0.7494281875813888,
    1.2,
    0.8772743357148448,
    0.49997530184542316,
    1.2176898166970873,
    1.8745404238285381,
    0.9,
    1.1,
    0.7,
    0.8
  ],
  "bias": -3.4427297881236156,
  "feature_names": [
    "zrel_depth",
    "plane_depth",
    "ang_depth",
    "z_depth",
    "drift",
    "vzrel",
    "vplane",
    "vang",
    "vz",
    "ray_vel",
    "duration",
    "scale_factor",
    "palm_width",
    "trigger_count",
    "depth_ratio",
    "vel_consistency",
    "spatial_stability",
    "temporal_fitness"
  ],
  "num_updates": 2410,
  "metrics": {
    "accuracy": 0.9763485477178423,
    "precision": 0.9890063424947146,
    "recall": 0.9869198312236287,
    "f1_score": 0.9879619852164732,
    "total_samples": 2410,
    "true_positives": 2339,
    "false_positives": 26,
    "true_negatives": 14,
    "false_negatives": 31
  },
  "learning_rate": 0.01
}