{
  "weights": [
    2.5662362619685184,
    1.853512788403308,
    21.06900919406468,
    1.5465140095628818,
    -4.896272213730239,
    -0.30503968498447787,
    -0.1460415007313047,
    4.621920687181729,
    -0.3632530205941032,
    1.5992705796337403,
    0.07204882360631742,
    0.025386388247028074,
    -5.569297004175069,
    7.777059978811017,
    -2.1311842893032966,
    2.637836728073189,
    -0.021522246401394406,
    2.0169185606520172
  ],
  "bias": -4.215532437856088,
  "feature_names": [
    "zrel_depth",
    "plane_depth",
    "ang_depth",
    "z_depth",
    "drift",
    "vzrel",
    "vplane",
    "vang",
    "vz",
    "ray_vel",
    "duration",
    "scale_factor",
    "palm_width",
    "trigger_count",
    "depth_ratio",
    "vel_consistency",
    "spatial_stability",
    "temporal_fitness"
  ],
  "num_updates": 5000,
  "metrics": {
    "accuracy": 0.8388,
    "precision": 0.8293157076205288,
    "recall": 0.8532,
    "f1_score": 0.8410883280757098,
    "total_samples": 5000,
    "true_positives": 2133,
    "false_positives": 439,
    "true_negatives": 2061,
    "false_negatives": 367
  },
  "learning_rate": 0.01
}